collection_id,collection_name
0,#TemanTapiMenikah
1,... Cameras Collection
2,.hack Collection
3,10 giorni... - Collezione
4,100 Girls Collection
5,100% Coco Collection
6,101 Dalmatians (Live-Action) Collection
7,12 Dogs of Christmas Collection
8,12 Rounds Collection
9,12 Westerns in 12 Months Collection
10,14+ (Коллекция)
11,1920 Collection
12,1981 Collection
13,2 Days In... Collection
14,2001 Maniacs Collection
15,20th Century Boys Collection
16,28 Days/Weeks Later Collection
17,3 A.M. Collection
18,3 Braves Universe
19,3 Little Pigs collection
20,30 Days of Night Collection
21,300 Collection
22,365 Days Collection
23,47 Meters Down Collection
24,47 Ronin Collection
25,64 Collection
26,666 Collection
27,8 свиданий (Коллекция)
28,A California Christmas Collection
29,A Chinese Odyssey Collection
30,A Christmas Prince Collection
31,A Doggone Collection
32,A Dogs Purpose Collection
33,A Few Best Men Collection
34,A Frozen Christmas Collection
35,A Haunted House Collection
36,A Man and a Woman Collection
37,A Menina que Matou os Pais
38,A Meowy Collection
39,A Monkeys Tale
40,A Quiet Place Collection
41,A Second Chance Collection
42,A Simple Favor Collection
43,A Very Special Love Collection
44,ABCD Collection
45,AMV Hell
46,ARCHIE Collection
47,AVP Collection
48,Aadu Collection
49,Aashiqui Collection
50,Ab Tak Chhappan Collection
51,About Love Collection
52,Accident Man Collection
53,"Achtung, fertig Filmreihe"
54,Action Figures Collection
55,Ada Apa Dengan Cinta? Collection
56,Admiral Yi
57,Adventures of Bailey Collection
58,After Collection
59,After Porn Ends Collection
60,Against the Wild Collection
61,Agent Cody Banks Collection
62,Ah Boys to Men Collection
63,Aileen Wuornos Collection
64,Aileen Wuornos: Broomfield Collection
65,Ajin Collection
66,Akihabara Trilogy
67,Aladdin (Live-Action) Collection
68,Aldo Giovanni e Giacomo Collection
69,Alex Cross Collection
70,Algjör Sveppi
71,Alice in Wonderland Collection
72,Alien Factor Collection
73,Alien Sex Files
74,Aliens Ate My Homework Collection
75,All Hallows Eve Collection
76,All for ...
77,Alligator Ladies Collection
78,"Alls Well, Ends Well"
79,Almighty Collection
80,Alone in the Dark Collection
81,Along Came the Devil Collection
82,Along with the Gods Collection
83,Alpha and Omega Collection
84,Alvin and the Chipmunks Collection
85,Always: Sunset on Third Street Collection
86,Amateur Porn Star Killer Collection
87,Ambra Collection
88,American Addict Collection
89,American Civil War Collection
90,American Gospel Collection
91,American Guinea Pig Collection
92,American Pie Collection
93,American Poltergeist
94,American Psycho Collection
95,Amityville Scarecrow Collection
96,An American Girl Collection
97,An Inconvenient Collection
98,Anaconda Collection
99,Analyze Collection
100,Anatomy Collection
101,Anatomy of an Antihero Collection
102,Anchorman Collection
103,Android Kunjappan Collection
104,Anděl Páně (kolekce)
105,Ang Tanging Ina Collection
106,Angelas Christmas Collection
107,Animal Collection
108,Anja & Viktor Collection
109,Annabelle Collection
110,Annika Bengtzon Collection
111,Annika Bengtzon Collection (Helena Bergström)
112,Another Gay Movie Collection
113,Ant-Man Collection
114,Antboy Collection
115,Antelope Valley Collection
116,Antisocial Collection
117,Ants in the Pants Collection
118,Apocalypse Collection
119,Appleseed Collection
120,Aqua Teen Hunger Force Colon Movie Film for Theaters Collection
121,Aquaman Collection
122,Arabian Nights Collection
123,Aranmanai Collection
124,Ardaas Collection
125,Argo Collection
126,Armored Trooper VOTOMS Collection
127,Armour of God Collection
128,Arn Collection
129,Arpeggio of blue steel
130,Art of the Devil Collection
131,Arthur and the Invisibles Collection
132,Ash Lad Collection
133,Ashens Collection
134,Ask Me Anything Collection
135,Assassination Classroom Collection
136,Asterix & Obelix Collection
137,Asterix and Obelix (Animation) Collection
138,Atlantic Rim Collection
139,Atlantis Collection
140,Atlas Shrugged Collection
141,Atomic Blonde Collection
142,Attack on Titan (Anime) Collection
143,Attack on Titan Collection
144,Attack the Block Collection
145,Attack the Gas Station Collection
146,Attraction Collection
147,Austin Powers Collection
148,Avatar Collection
149,Avenger Dogs
150,Avengers Grimm Collection
151,Avunu Collection
152,Aşk Tesadüfleri Sever [Seri]
153,Baaghi Collection
154,Baby Driver Collection
155,Baby Geniuses Collection
156,Babysitting Collection
157,Bad Ass Collection
158,Bad Ben Collection
159,Bad Boys Collection
160,Bad Kids Collection
161,Bad Moms Collection
162,Bad Santa Collection
163,Baishe Srabon and Dwitiyo Purush Collection
164,Balala the Fairies series
165,Ballon sur bitume
166,Bamse Collection
167,BanG Dream! Episode of Roselia Collection
168,Bananas!* Collection
169,Bang Rajan Collection
170,Bangarraju Collection
171,Barbershop Collection
172,Barbie & Kendra Collection
173,Barbie Mariposa Collection
174,Basic Instinct Collection
175,Batman (DC Universe Animated) Collection
176,Batman Animation Collection (Adam West)
177,Batman: The Long Halloween Collection
178,Battle Royale Collection
179,Battle of the Brides
180,Bayside Shakedown Collection
181,Baztan Trilogy
182,Be My Slave Collection
183,Bearcity Collection
184,Bedroom to Billions
185,Beef Collection
186,Before... Collection
187,Beginnings of the Space Age
188,Behind Enemy Lines Collection
189,Belle & Sebastian
190,Benvenuti al... Collection
191,Benvenuto Presidente - Collezione
192,Benyamin The Troublemaker
193,Bernie the Dolphin Collection
194,Berserk: Golden Age Arc Collection
195,Best Exotic Marigold Hotel Collection
196,Best F(r)iends Collection
197,Beverly Hills Chihuahua Collection
198,Bhai - Vyakti ki Valli
199,Bheja Fry Collection
200,Bhool Bhulaiyaa Collection
201,Bhoothnath Collection
202,Bibi & Tina Collection
203,Bibi Blocksberg Collection
204,Big Brother Collection
205,Big Fat Liar Collection
206,Big Mommas House Collection
207,Bigfoot Collection
208,Bill & Teds Most Excellent Collection
209,Bird Box Collection
210,Birdemic Collection
211,Bishorjan and Bijoya Collection
212,Black & White Collection
213,Black Panther Collection
214,Black Water Collection
215,Blade Collection
216,Blade Runner Collection
217,Blair Witch Collection
218,Bleach Collection
219,Blood Feast Collection
220,BloodRayne Collection
221,Bloodbath at Pinky High Collection
222,Bloodshot Collection
223,Bloody Chainsaw Girl Collection
224,Blue Collar Comedy Tour Collection
225,Blue Crush Collection
226,BoBoiBoy Collection
227,Bob The Cat Collection
228,Bon Bini Holland Collectie
229,Bon Cop Bad Cop Collection
230,Bonded by Blood Collection
231,Boon Collection
232,Boonie Bears Collection
233,Borat Moviefilms Collection
234,Borgríki Collection
235,Boule & Bill
236,Bound Heat
237,Boys Life (Collection)
238,Bratz Collection
239,Brice Collection
240,Bridget Jones Collection
241,Brigada Z Collection
242,Bright Collection
243,Bring It On Collection
244,Broken Blade Collection
245,Broken Silence
246,Brother Bear Collection
247,Brother Collection
248,Brotherhood of Blades Collection
249,Bulletproof Collection
250,Bunker of Blood Collection
251,Bunnyman Collection
252,Bunty Aur Babli
253,Buppah Ratree Collection
254,Burg Schreckenstein Filmreihe
255,Burnout Collection
256,Burnt by the Sun Trilogy
257,Bāhubali Collection
258,Cabin Fever Collection
259,Caesar and Otto Collection
260,Cal Collection
261,California Trilogy
262,Camp Blood Collection
263,Campaign Collection
264,Camping Collection
265,Candyman Collection
266,Captain America Collection
267,Captain Marvel Collection
268,Captain Underpants Collection
269,Cardcaptor Sakura Collection
270,Carmina - Colección
271,CarousHELL Collection
272,Carpenter Andersen Collection
273,Carry on Jatta Collection
274,Cars Collection
275,Carters Collection
276,Carved Collection
277,Casper and Emma Collection
278,Cat Run Collection
279,Cats & Dogs Collection
280,Cattle Hill Collection
281,Cementerio General Collection
282,Center Stage Collection
283,Charlies Angels Collection
284,Charter Trips
285,Chasing The Dragon Collection
286,Che Collection
287,Cheaper by the Dozen (2003) Collection
288,Cheech & Chong Collection
289,Cherry Blossoms
290,Chhakka Panja Collection
291,Chicken Run Collection
292,Chief Daddy Collection
293,Chihayafuru Collection
294,Children of the Corn Collection
295,Childs Play Collection
296,Chili Palmer Collection
297,Chocolate City Collection
298,Christmas Thieves (Collection)
299,Christmas with a Prince Collection
300,Chronicle Collection
301,Cinderella Story Collection
302,Cities of Love Collection
303,Clash of the Titans Collection
304,Class Reunion Collection
305,Clerks Collection
306,Clint Eastwoods Iwo Jima Collection
307,Cloudy with a Chance of Meatballs Collection
308,Clubhouse Detectives Collection
309,Cocaine Cowboys
310,Coconut The Little Dragon Collection
311,Code Geass: Akito the Exiled
312,Code Geass: Lelouch of the Rebellion Recap Film Trilogy
313,Cold Prey Collection
314,Cold Pursuit Collection
315,Cold War Collection
316,Coletânea Nada a Perder
317,Come un gatto in tangenziale - Collezione
318,Coming to America Collection
319,Commander Kellie & the Superkids Collection
320,Commando Collection
321,Confession Executive Committee (Series)
322,Confidential Assignment
323,Contracted Collection
324,Corky St. Clair Collection
325,Corpse Party Collection
326,Corpse Prison Collection
327,Corto Maltese Collection
328,Cowboy Filmreihe
329,Crackerjack Collection
330,Crank Collection
331,Crayon Shin-chan Collection
332,Crazy Rich Asians Collection
333,Crazy Wedding Collection
334,Creed Collection
335,Creep Collection
336,Crimes of Passion: The Maria Lang Collection
337,Crocodile Collection
338,Crocodile Dundee Collection
339,Cross Collection
340,"Crouching Tiger, Hidden Dragon Collection"
341,Crows Collection
342,Cruella Collection
343,Cube Collection
344,Cuccioli - Collezione
345,Curious George Collection
346,Cyborg 009 Collection
347,DAU Cinema
348,Dabangg Collection
349,Dabbe [Seri]
350,Daddy Day Camp Collection
351,Daddys Home Collection
352,Danur Collection
353,Dark Girls Collection
354,Dark Night of the Scarecrow Collection
355,Dark Planet Collection
356,Dark Web Collection
357,Dark Woods Collection
358,Dark World Collection
359,Darko Collection
360,Darling Collection
361,Darna Hai Collection
362,Dawn of the Dragonslayer Collection
363,De Club van Sinterklaas
364,De Pernas Pro Ar - Coleção
365,De forbandede år (samling)
366,Dead Rising Collection
367,Dead River Collection
368,Dead Snow Collection
369,Dead or Alive Collection
370,Deadlands Collection
371,Deadly Prey Collection
372,Deadpool Collection
373,Deadtime Stories
374,Dear God No!
375,Dear Nathan
376,Death Bell Collection
377,Death Forest Collection
378,Death Note Collection
379,Death Race Collection
380,Deco Truck Gal Nami
381,Decoys Collection
382,Deep Blue Sea Collection
383,Deep Sea Monster Raiga Collection
384,Demon Slayer
385,Den of Thieves Collection
386,Den som dræber
387,Department Q Collection
388,Der kleine Rabe Socke Filmreihe
389,Despicable Me Collection
390,Detective Chinatown Collection
391,Detective Conan Collection
392,Detective Dee Collection
393,Detective K Collection
394,Detective bureau nr. 2
395,Detective in the Bar
396,Deuce Bigalow Collection
397,Devi Collection
398,Devil in the Flesh
399,Dhamaal Collection
400,Dhoom Collection
401,Diabolik - Collezione
402,Diary of a Wimpy Kid (Animated) Collection
403,Diary of a Wimpy Kid Collection
404,Die Hard Collection
405,Die Vampirschwestern Collection
406,Digimon Adventure tri. Collection
407,Digimon Collection
408,Dilan
409,Diplomat Kosaku Kuroda
410,Dirty Dancing Collection
411,District 13 Collection
412,Divergent Collection
413,Divã: Coleção
414,Doctor Strange Collection
415,Dolemite Collection
416,Dolphin Tale Collection
417,Don Collection
418,Doom Collection
419,Doraemon Collection
420,Dorm Daze Collection
421,Dostana Collection
422,Downton Abbey Collection
423,Dr. Dolittle Collection
424,Dracula 2000 Collection
425,Dragon Ball Super Collection
426,Dragon Inn
427,Dragon Loaded Collection
428,Dragon Nest Collection
429,DragonHeart Collection
430,Drishya Collection
431,Drishyam Collection
432,Drumline - Collection
433,Drushyam Collection
434,Ducobu Collection
435,Dulhania Collection
436,Dumb and Dumber Collection
437,Dummie the Mummy Collection
438,Dune Collection
439,Dungeons & Dragons Collection
440,Dynamic Pro Super Robot Collection
441,Eagle Talon Collection
442,Easy Money Collection
443,Easy Rider Collection
444,Eating Out Collection
445,Eberhofer
446,Eden of the East Collection
447,Eight Ranger Collection
448,El Bosque Animado
449,El Crack Collection
450,El Gezira Collection
451,Election Collection
452,Elektra Luxx Collection
453,Elias the Little Rescue Boat Collection
454,Elite Squad Collection
455,Elizabeth Collection
456,Ella and Friends Collection
457,Ellembi Series
458,Elling Collection
459,Elvira Collection
460,Emmanuelle Through Time Collection
461,Enchanted Collection
462,Enola Holmes Collection
463,Erkan & Stefan Collection
464,Escape Plan Collection
465,Escape Room Collection
466,Essex Boys
467,Eureka Seven Hi-Evolution Collection
468,Euthanizer Collection
469,Evil Bong Collection
470,Evil Dead Collection
471,Ex Collection
472,Ex-Files
473,Extraction Collection
474,Eye of the Dolphin Collection
475,"F*ck You, Goethe Collection"
476,Faces of Dying Collection
477,Fairy Tail Collection
478,Fallen
479,Familien Jul (Samling)
480,Famous Five Collection
481,Fantastic Beasts Collection
482,Fantastic Four Collection
483,Fantastic Journey To Oz
484,Fat Pizza Collection
485,"Fat, Sick & Nearly Dead"
486,Fate/Stay Night: Heavens Feel Collection
487,Fate/kaleid liner Prisma☆Illya
488,Father and Guns Collection
489,Father of Four Collection
490,Fear PHarm Collection
491,Fear Street Collection
492,Feast Collection
493,Felix the Rabbit Collection
494,Feluda Collection
495,Female Ninjas Magic Chronicles Collection
496,Femalien Collection
497,Fifty Shades Collection
498,Filosofi Kopi - Collection
499,Filthy McNasty Collection
500,Fimfárum
501,Final Destination Collection
502,Final Fantasy VII Collection
503,Finding Jesus Collection
504,Finding Mr. Right Collection
505,Finding Nemo Collection
506,Finger of God
507,Firefly Collection
508,First Lady Collection
509,Fishermans Friends Collection
510,Fishtales Collection
511,Fist of the North Star: The Legends of the True Savior
512,Flicka Collection
513,Flower and Snake (Remake) Collection
514,Fool for Love
515,Forbidden Fruit Collection
516,Force Collection
517,Forgotten Transports Collection
518,Fortress Collection
519,Four Sisters and a Wedding Collection
520,Four Taxidrivers and a Dog Collection
521,Franklin Collection
522,Free Guy Collection
523,Free!
524,Freedom Trilogy
525,Freier Fall Collection
526,French Fried Vacation
527,Friday Collection
528,Friday the 13th Collection
529,Friend Collection
530,Fright Night (Reboot) Collection
531,From Vegas to Macau Collection
532,Frozen Collection
533,Fubar Collection
534,Fuerzas Especiales Collection
535,Fuga de cerebros - Collection
536,Fukrey Collection
537,Full Out Collection
538,Fullmetal Alchemist Collection
539,G.I. Joe (Live-Action) Collection
540,G.O.R.A. Collection
541,GALILEO collection
542,Gabriels Inferno Collection
543,Gamera (Heisei) Collection
544,Gang of Roses Collection
545,Gangs of Wasseypur Collection
546,Gantz Collection
547,Garfield Collection
548,Gasland Collection
549,Gatao Collection
550,Gautas Iškvietimas Collection
551,Gen-X Cops Collections
552,Generation Iron Collection
553,Geniş Aile [Seri]
554,Gett Collection
555,Ghayal Collection
556,Ghost In The Shell: Arise Collection
557,Ghost Rider Collection
558,Ghost Shark Collection
559,Ghost in the Shell (Animated) Collection
560,Ghostbusters Collection
561,Ginger Snaps Collection
562,Gintama Collection
563,Gintama Movie Collection
564,Girls & Panzer Filmreihe
565,Girls on Top Collection
566,Glass Tiger collection
567,Gloria Duque - Colección
568,Gnomeo & Juliet Collection
569,Go For Broke Collection
570,Go Goa Gone Collection
571,Go Lala Go Collection
572,Go! Go! Cory Carson Collection
573,Goal! Collection
574,Goat Story Collection
575,God of Gamblers Collection
576,Gods Not Dead Collection
577,Godzilla (Millennium) Collection
578,Godzilla Anime Trilogy
579,Godzilla Collection
580,Goenda Shabor Collection
581,Gogol Collection
582,Golden Chicken Collection
583,Golden Winter Collection
584,Golmaal Collection
585,Gomez & Tavarès Collection
586,Gonin Collection
587,Good Take Collection
588,Gooische Vrouwen Collection
589,Goon Collection
590,Goosebumps Collection
591,Grave Encounters Collection
592,Green Street Hooligans Collection
593,Greenland Collection
594,Grey Gardens Collection
595,Grindsploitation Collection
596,Grizzly Collection
597,Groundhog Dave Collection
598,Grown Ups Collection
599,Guardians of the Galaxy Collection
600,Gukga daepyo Collection
601,Gumball 3000 Collection
602,Gundala
603,Gundam Reconguista in G Collection
604,Gunnar Goes Collection
605,Gunpowder Milkshake Collection
606,Gwendolyn Shepherd Collection
607,HIT: Cases Collection
608,Hababam Sınıfı [Seri]
609,Habibie & Ainun Collection
610,Haikyu!! - Movie Collection
611,Hakuouki Movie Collection
612,Half Past Dead Collection
613,Halloween (Rob Zombie Series) Collection
614,Halloween Collection
615,Hamilton Collection
616,Hana and Alice Collection
617,Hana-Dama Collection
618,Hanni & Nanni Filmreihe
619,Happiness Collection
620,Happy Bhag Jayegi Collection
621,Happy Death Day Collection
622,Happy Feet Collection
623,Harihar Nagar  Collection
624,Harold & Kumar Collection
625,Harry Potter Collection
626,Has Fallen Collection
627,Hatchet Collection
628,Hate Story Collection
629,Haunted Road Collection
630,Haunted School Collection
631,Haunted Transylvania Collection
632,Havoc Collection
633,Hayflower and Quiltshoe Collection
634,Hayride Collection
635,He Who Dares Collection
636,Head Cases
637,Headless Hero Collection
638,Healed by Grace Collection
639,"Heaven, Hell and Purgatory Collection"
640,Heavens Lost Property
641,Heavy Metal Collection
642,Hell House LLC Collection
643,Hellboy Collection
644,Hellcats Revenge Collection
645,Hellraiser Collection
646,"Help, I Shrunk My..."
647,Henry Fool Collection
648,Hentai Kamen Collection
649,Hera Pheri Collection
650,Herbie Collection
651,Hercule Poirot Collection
652,Herr Lehmann Filmreihe
653,Hey Arnold Movie Collection
654,Hidden Colors Collection
655,Hideshi Hinos Theater of Horror
656,High School Musical Collection
657,High Strung Collection
658,High&Low The Movie Collection
659,Highlander Collection
660,Hitman Collection
661,Hobbs & Shaw Collection
662,Hollow Man Collection
663,Home Alone Collection
664,Honest Candidate Collection
665,Honey Collection
666,Hoodwinked! Collection
667,Hooked Collection
668,Horrible Bosses Collection
669,Horror Stories Collection
670,Hostel Collection
671,Hot Tub Time Machine Collection
672,Hotel Inferno Collection
673,Hotel Transylvania Collection
674,House of the Dead Collection
675,Housefull Collection
676,How High Collection
677,How to Train Your Dragon Collection
678,Howard Lovecraft Collection
679,Huevos - Collection
680,Hunter x Hunter Collection
681,Hurricane Bianca Collection
682,I Am Legend Collection
683,I Am Vengeance Collection
684,I Can Quit Whenever I Want Collection
685,I Give You My Word Collection
686,I Got Five on It Collection
687,I Got the Hook Up Collection
688,I Love Hong Kong Collection
689,I Spit on Your Grave (Original) Collection
690,I Spit on Your Grave Collection
691,Ice Age Collection
692,Ice Collection
693,Iceman Collection
694,If You Are the One (Collection)
695,Il peggio della mia vita
696,Immaturi Collection
697,Impy Collection
698,In Search of Darkness Collection
699,In Search of Walt Whitman Collection
700,In the Name of the King Collection
701,Inadequate People Collection
702,Independence Day Collection
703,Indian Gangster Trilogy
704,Indiana Jones Collection
705,Infernal Affairs Collection
706,Initial D
707,Inmu
708,Inside Man Collection
709,Insidious Collection
710,Into the Blue Collection
711,Inuyasha Collection
712,Ip Man Collection
713,Iqbal (Samling)
714,Iris Collection
715,Iron Girl Collection
716,Iron Man Collection
717,Iron Sky Collection
718,Ironclad Collection
719,It Collection
720,Ivan Tsarevich & the Grey Wolf Collection
721,Jack Reacher Collection
722,Jack in the Box Collection
723,Jack vs. Collection
724,Jackass Collection
725,Jacqueline Mazerin Collection
726,James Bond Collection
727,Jan Dara
728,Jannat Collection
729,Jarhead Collection
730,Jarle Klepp-trilogien
731,Jay and Silent Bob Collection
732,Jeepers Creepers Collection
733,Jeremy Jones Trilogy
734,Jet Set - Saga
735,Jiivi Collection
736,Jim Button Collection
737,Jism Collection
738,Joan of Arc Collection
739,Jodorowskys film autobiography
740,Joe Dirt Collection
741,John Wick Collection
742,Johnny 100 Pesos Collection
743,Johnny English Collection
744,Joséphine - Saga
745,Journey Collection
746,Journey to the West Collection
747,Joy Ride Collection
748,Ju-on Collection
749,Judwaa Collection
750,Julemandens Datter (Samling)
751,Jumanji Collection
752,Jump Street Collection
753,Jungle Cruise Collection
754,Jungle Jack Collection
755,Jurassic Park Collection
756,Jurassic Shark Collection
757,Justice League (DC Universe Animated) Collection
758,K-9 Adventures Collection
759,K.G.F Collection
760,KAIJI Collection
761,Kaguya-sama: Love is War - Collection
762,Kahaani Collection
763,Kaithi Collection
764,Kakegurui: The Movie
765,Kamen Rider (1971) Collection
766,Kamen Rider Agito Collection
767,Kamen Rider Amazons Collection
768,Kamen Rider Decade Collection
769,Kamen Rider OOO Collection
770,Kamen Rider The First Collection
771,Kamen Rider W Collection
772,Kandasamys Collection
773,Kangaroo Jack Collection
774,Karla Collection
775,Kartoffelsalat Filmreihe
776,Kazuo Umezus Horror Theater Collection
777,Keinohrhasen Filmreihe
778,Kekko Kamen Collection
779,Keluarga Cemara Collection
780,Kibakichi Collection
781,Kick-Ass Collection
782,Kickboxer (Reboot) Collection
783,Kidulthood Collection
784,Kill Bill Collection
785,Kill Buljo Collection
786,Killer Shrews Collection
787,Killing Cabos Collection
788,Killjoy Collection
789,Kindergarten Cop Collection
790,King Naresuan Collection
791,King of Guns Collection
792,Kingsman Collection
793,Kirikou Collection
794,Kizumonogatari
795,Klovn (filmene)
796,Knerten Collection
797,Knights of the Damned Collection
798,Knives Out Collection
799,Knocked Up Collection
800,Knutsen & Ludvigsen Collection
801,Kocan Kadar Konuş [Seri]
802,Koko Collection
803,Kolah Ghermezi
804,Krampus Collection
805,Krrish Collection
806,Kung Fu Masters Collection
807,Kung Fu Panda Collection
808,Kung Fu Traveler Collection
809,Kuntilanak Collection
810,Kuroko no Basket: Winter Cup Soushuuhen Collection
811,Kuroshithuji Collection
812,Kutsal Damacana [Seri]
813,Kvartet I Collection
814,Köstebekgiller [Seri]
815,L.O.R.D Collection
816,LEGO DC Comics Super Heroes Collection
817,LEGO DC Super Hero Girls Collection
818,LEGO: Hero Factory - Saga
819,LUPIN THE IIIRD Collection
820,La Abuela Collection
821,La Soga Collection
822,La befana vien di notte
823,La niña de tus ojos - Colección
824,Lady Ninja Kasumi Series
825,Laid To Rest Collection
826,Laissez-faire
827,Lake Fear Collection
828,Lan Kwai Fong Collection
829,Lapland Odyssey Collection
830,Largo Winch Collection
831,Las Leyendas Collection
832,LasseMajas Detektivbyrå (samling)
833,Laughing Gor（系列）
834,Lauras Stern Filmreihe
835,Lazer Team Collection
836,League of Gods
837,Leap collection
838,Left Behind Collection
839,Legally Blonde Collection
840,Legend of a Rabbit Collection
841,Lemon Popsicle Collection
842,Leprechaun Collection
843,Les Crevettes pailletées - Saga
844,Les Petits Mouchoirs - Saga
845,Lesní trilogie (kolekce)
846,Lesson of the Evil Collection
847,Let Him Be a Basketball Player Collection
848,Lethal Kittens Collection
849,Letters to Santa Collection
850,Lezioni di Cioccolato Collection
851,Liar Game Collection
852,Library Wars Collection
853,Life in a Day Collection
854,Life of Crime Collection
855,Lights Out Collection
856,Like Mike Collection
857,Like a Dragon Collection
858,Lilly the Witch Collection
859,Lilo & Stitch Collection
860,Line Walker Collection
861,Little Bear
862,Little Book of Love Collection
863,Little Forest Collection
864,Little Nicholas Trilogy
865,Little Witch Academia Collection
866,Live. Die. Repeat Collection
867,Living Dead Collection
868,Long Long Time Ago
869,Loro Collection
870,Los crímenes del sur
871,Lost Collection
872,Lotte Collection
873,Louis & Luca Collection
874,Louis Theroux & The Most Hated Family In America
875,Love Comes Softly Collection
876,Love For Sale Collection
877,Love Stories 2 Series
878,Love Stories Series
879,Love Undercover Collection
880,Love in a... Collection
881,Love in the City Collection
882,Lovey-Dovey Collection
883,Lucifer Collection
884,Lucy Collection
885,L♥DK
886,MVP
887,Maari Collection
888,Machete Collection
889,Machine Girl Collection
890,Macross Frontier Collection
891,Mad Max Collection
892,Madagascar Collection
893,Made in Abyss Collection
894,Madea - Collection
895,Magic Carpet Ride Collection
896,Magic Mike Collection
897,Magic Silver Collection
898,Magical Girl Lyrical Nanoha Collection
899,Major Korenev Trilogy
900,Major Mahadevan Collection
901,Make Me Shudder
902,Maleficent Collection
903,Malevolence Collection
904,Malibu Rescue Collection
905,Mall Cop Collection
906,Mamma Mia! Collection
907,Man and a Baby Collection
908,Man of Steel Collection
909,Mandie Movies Collection
910,Mang Kepweng Collection
911,Mann Filmreihe
912,Manos Collection
913,Manual of Love Collection
914,Mapado Collection
915,March Comes in Like a Lion Collection
916,March of the Penguins Collection
917,Mardaani Collection
918,Mardock Scramble Collection
919,Marfa Girl Collection
920,"Maria, ihm schmeckts nicht! Filmreihe"
921,Mariachi Collection
922,Marley & Me Collection
923,Marrying the Mafia Collection
924,Mary Poppins Collection
925,Maskeli Beşler [Seri]
926,Masquerade Hotel Collection
927,Masti Collection
928,Mata Batin Collection
929,Max Collection
930,Max Havoc Collection
931,Max Pinlig Collection
932,May the Devil Take You
933,Maya the Bee Collection
934,McDull Collection
935,Mean Girls Collection
936,Meat pie collection
937,Meatball Machine Collection
938,Mechanic Collection
939,Meet the Blacks Collection
940,Meet the In-Laws
941,Meet the Parents Collection
942,Mega Shark Collection
943,Megalodon Collection
944,Mektoub is Mektoub
945,Memoirs of a Lady Ninja Series
946,Men & Women Dilogy
947,Men In Black Collection
948,Men Suddenly in Black Collections
949,Men in the City Collection
950,Methagu Collection
951,Mexico Barbaro Filmreihe
952,Mi Nismo Anđeli Collection
953,Midnight Diner Collection
954,Mince Alors ! - Saga
955,Minions Collection
956,Minuscule Collection
957,Mirror Mirror Collection
958,Mirrors Collection
959,Mischievous Kiss The Movie
960,Miss Congeniality Collection
961,Miss Modern Collection
962,Missing 411 Collection
963,Mission: Impossible Collection
964,Mister Twister Collection
965,Mobile Suit Gundam Thunderbolt Collection
966,Mobile Suit Gundam: The Origin Collection
967,Mobile Suit Zeta Gundam A New Translation
968,Mojin Collection
969,Molly Hartley Collection
970,Monica and Friends
971,Monster Family Collection
972,Monster High Collection
973,Monster Hunt Collection
974,Monsters Collection
975,"Monsters, Inc. Collection"
976,Moontrap Collection
977,"Morava, krásná zem (kolekce)"
978,Mortadelo y Filemón - Colección
979,Mortal Kombat Collection
980,Mortal Kombat Legends Collection
981,Moschettieri del Re - Collezione
982,Mountain Collection
983,Mr. Bean Collection
984,Mr. Bones Collection
985,Mr. Ripley Collection
986,Mucize [Seri]
987,Mummys Kiss Collection
988,Munafik Trilogy
989,Muni Collection
990,Munna Bhai Collection
991,Murder Collection
992,Murder Mystery Collection
993,Mushishi Collection
994,My Alien Girlfriend Collection
995,My Big Fat Greek Wedding Collection
996,"My Boss, My Collection"
997,My Brother Series
998,My Friends Sister Series
999,My Hero Academia Movie Collection
1000,My Little Pony: Equestria Girls Collection
1001,My Mom is a Character Collection
1002,My Sassy Girl Collection
1003,My Sisters Kids (Remake) Collection
1004,My Stupid Boss
1005,My Thoughts Are Silent Collection
1006,My Wife Is Collection
1007,My Wife is a Gangster Collection
1008,Mystery Road Collection
1009,Mythica Collection
1010,N.T.R Collection
1011,NASU Collection
1012,NKCTHI Collection
1013,Naked Ambition
1014,Naked Collection
1015,Naked Fear Collection
1016,Naked Poison Collection
1017,Namastey London Collection
1018,Nana Collection
1019,Nanny McPhee Collection
1020,Naruto Collection
1021,National Lampoons Van Wilder Collection
1022,National Treasure Collection
1023,Nativity Collection
1024,Necromancer
1025,Neighbors Collection
1026,Nemesis Collection
1027,Neuilly sa mère ! - Saga
1028,Never Back Down Collection
1029,Never Died Collection
1030,New Gods Collection
1031,New Initial D Collection
1032,New Kids Collection
1033,New Money Collection
1034,New Queer Visions Collection
1035,New World Order Collection
1036,Nice Sister-In-Law Series
1037,Night at the Museum Collection
1038,Night of the Demons Collection
1039,Night of the Living Dead 3D - Collection
1040,Nightmare Collections
1041,Niko Collection
1042,Nims Island Collection
1043,Ninja Collection
1044,Ninja Kids!!! Collection
1045,Ninja Vixens Series
1046,Nitro Collection
1047,No manches Frida Collection
1048,Nobody Sleeps in the Woods Tonight Collection
1049,Nodame Cantabile: The Movie Collection
1050,Non ci resta che il crimine - Collezione
1051,Noras Hair Salon Collection
1052,Norm of the North Collection
1053,Now You See Me Collection
1054,Nymphomaniac Collection
1055,O Grilo Feliz
1056,O Şimdi [Seri]
1057,OSS 117 The Reboot Saga
1058,Occupation Collection
1059,Oceans Collection
1060,Octave Parango
1061,Oh My Ghost Collection
1062,Old Way Collection
1063,Olsen Banden (animeret samling)
1064,Olsenbanden Jr. Collection
1065,Omega Code Series
1066,On Any Sunday Collection
1067,On the Other Side of the Tracks Collection
1068,Once I Was ... Collection
1069,Once Upon a Time in Mumbai Collection
1070,One Cut of the Dead Collection
1071,One Hundred Thousand Bad Jokes Collection
1072,One Missed Call Collection
1073,One More Chance Collection
1074,One Piece Collection
1075,OneChanbara Collection
1076,Ong Bak Collection
1077,Onmyoji Collection
1078,Ooops! Noah is Gone... Collection
1079,Open Season Collection
1080,Open Water Collection
1081,Operation Delta Force Collections
1082,Orphan Collection
1083,Os Normais Collection
1084,Osamu Tezukas Buddha
1085,Osobennosti Natsionalnoy ... - Collection
1086,Ostap Bender Trilogy
1087,Otto Collection
1088,Ouija Collection
1089,Outpost Collection
1090,Outrage Collection
1091,Overheard Collection
1092,PTU Collection
1093,Pacific Rim Collection
1094,Paddington Collection
1095,Padre no hay más que uno - Colección
1096,Painted Skin Collection
1097,Palermo-Milano Collection
1098,Papa ou Maman Collection
1099,Paradise Lost Collection
1100,Paradise Trilogy
1101,Paranormal Activity Collection
1102,Paranormal Investigations Collection
1103,Parasyte Collection
1104,Party Crashers Collection
1105,Patterns of Evidence Collection
1106,Paw Patrol
1107,Pee-wees Collection
1108,Pelevin by Ginzburg Series
1109,Per Fly trilogien (Samling)
1110,Percy Jackson Collection
1111,Perdiendo el norte - Colección
1112,Perfect Education Series
1113,Perfect Stranger Collection
1114,Pertsa & Kilu Collection
1115,Pervert’s Guide Collection
1116,Pet Sematary Reboot Collection
1117,Peter Bell Collection
1118,Peter Pan Collection
1119,Peter Rabbit Collection
1120,Petterson and Findus Collection
1121,Phantasm Collection
1122,Phineas and Ferb Collection
1123,Phobia Collection
1124,Pichaikkaran Collection
1125,Piranha 3D Collection
1126,Pirates of the Caribbean Collection
1127,Pitbull Collection
1128,Pitch Perfect Collection
1129,Pizza
1130,Planes Collection
1131,Planet Single Collection
1132,Planet of the Apes (Reboot) Collection
1133,Playing with Dolls Collection
1134,Ploddy the Police Car Collection
1135,Pokémon Collection
1136,Pokémon: Advanced Generation Collection
1137,Pokémon: Alternate Continuity Collection
1138,Pokémon: Best Wishes! Collection
1139,Pokémon: Detective Pikachu Collection
1140,Pokémon: Diamond and Pearl Collection
1141,Pokémon: XY Collection
1142,Police State Collection
1143,Police Story Collection
1144,Pondemonium
1145,Porkchop
1146,Porkys Collection
1147,Pororo Collection
1148,Predator Collection
1149,Prema Katha Chitram Collection
1150,Pretty Cool Collection
1151,Pretty Cure
1152,Pretty Guardian Sailor Moon Eternal Collection
1153,Princess Cut Collection
1154,Princezna ze mlejna (kolekce)
1155,Prinzessin Lillifee Collection
1156,Profils paysans
1157,Project Itoh Collection
1158,Promare Collection
1159,Promedio Rojo Collection
1160,Prometheus Collection
1161,Prudence et Bélisaire Beresford Collection
1162,Public Enemy Collection
1163,Puella Magi Madoka Magica: The Movie
1164,Pulse Collection
1165,Punyalan Collection
1166,Pup Star Collection
1167,Puppet Master Collection
1168,Pure Country Collection
1169,Pusher Collection
1170,Pushpa Collection
1171,Puss in Boots Collection
1172,Pyaar Ka Punchnama Collection
1173,Qatsi Collection
1174,Quarantine Collection
1175,Queen of Spades Collection
1176,Quentin Crisp Collection
1177,Qué pena... - Colección
1178,RED Collection
1179,Raaz Collection
1180,Race Collection
1181,Ragini MMS Collection
1182,Raiders Collection
1183,Rakht Charitra Collection
1184,Rakshasudu Collection
1185,Rambo Collection
1186,Rampage Collection
1187,Raped by an Angel Collection
1188,Rare Exports Collection
1189,Raw - Die Trilogie des Schreckens
1190,Re-Animator Collection
1191,Real Fear Collection
1192,Rebuild of Evangelion Collection
1193,Recep Ivedik Collection
1194,Recess Collection
1195,Red Cliff Collection
1196,Red Dog Collection
1197,Red Notice Collection
1198,Reeker Collection
1199,Reindeerspotting Collection
1200,Remember the Goal Collection
1201,Resident Evil Collection
1202,Resident Evil: Biohazard Collection
1203,Return of the Living Dead Collection
1204,Reunion Collection
1205,Revelation Road Collection
1206,Revenge Porn Series
1207,Reveries Collection
1208,Richard the Lionheart Collection
1209,Ricky Rapper Collection
1210,Ride Along Collection
1211,Ringu Collection
1212,Rio Collection
1213,Ripper Collection
1214,Rise of the Footsoldier Collection
1215,Road Trip Collection
1216,Robert Collection
1217,Robot Collection
1218,Robotech Collection
1219,Rock Collection
1220,Rock Dog Collection
1221,Rock On Collection
1222,Rocky Collection
1223,Rogue Warfare Collection
1224,Roland Hassel
1225,Romance in the Outfield Collection
1226,Rouletabille (Podalydès)
1227,Rugrats Collection
1228,Running Out Of Time Collection
1229,Rurouni Kenshin (Live-Action) Collection
1230,Rush Hour Collection
1231,Rölli Collection
1232,S.W.A.T. Collection
1233,SLC Punk
1234,SPEC Collection
1235,SPL Collection
1236,SP（系列）
1237,Saamy Collection
1238,Sabaidee Trilogy
1239,Sadak Collection
1240,Sagrada Reset Collection
1241,Saheb Biwi Aur Gangster Collection
1242,Saint Seiya Collection
1243,Saints and Soldiers Collection
1244,Sammys Adventure Collection
1245,Samurai Cat Collection
1246,Samurai Cop Collection
1247,Samurai Hustle
1248,Samurai Trilogy (Yoji Yamada)
1249,Sandakozhi Collection
1250,Sanky Panky Collection
1251,Santa Paws Collection
1252,Santas Apprentice Collection
1253,Sarkar Collection
1254,Save The Last Dance Collection
1255,Saw Collection
1256,Scary Movie Collection
1257,Scoob! Collection
1258,Scooby-Doo Collection
1259,Scream Collection
1260,Scusa ma... - Collezione
1261,Sea Monsters Collection
1262,Searching Collection
1263,See No Evil Collection
1264,Seed Collection
1265,Sekielski About Pedophilia
1266,Sergeant Keroro Collection
1267,Serial (Bad) Weddings Collection
1268,Serial Teachers Collection
1269,Seven Dwarfs Collection
1270,Sex And Zen Collection
1271,Sex and the City Collection
1272,Sex is Zero Series
1273,Shadow Boxing Collection
1274,Shaft (Reboot) Collection
1275,"Shake, Rattle & Roll Collection"
1276,Shang-Chi Collection
1277,Shanghai Noon Collection
1278,Shaolin vs. Evil Dead Collection
1279,Sharkboy and Lavagirl Collection
1280,Sharkwater Collection
1281,Shaun the Sheep Collection
1282,Shazam! Collection
1283,Sheep & Wolves Collection
1284,Sherlock Holmes Collection
1285,Shiloh Collection
1286,Shinjuku Swan Collection
1287,Shinzanmono Collection
1288,Shivaji Surathkal Collection
1289,Shock Wave Collection
1290,Shootout Collection
1291,Shoujo Kageki Revue Starlight Collection
1292,Showgirls Collection
1293,Shrek Collection
1294,Shri Shivraj Ashtak
1295,Shrill Cries Collection
1296,Shubh Mangal Collection
1297,Si Doel The Movie - Collection
1298,Sicario Collection
1299,Sides of the Bed
1300,Signal Collection
1301,Sijjin Collection
1302,Sikander Collection
1303,Silent Hill Collection
1304,Simon Brenner Collection
1305,Sin City Collection
1306,Sinbad (シンドバッド) Collection
1307,Sing Collection
1308,Singham Collection
1309,Singles Ward
1310,Sinister Collection
1311,Siren: Erotic Ghost
1312,Six Degrees of Celebration Collection
1313,Skeleton Key Collection
1314,Skyline Collection
1315,Slasher House Collection
1316,Slime City Collection
1317,Smeshariki
1318,Sniper Collection
1319,Snow Queen Collection
1320,Snowtime! Collection
1321,So Young Collection
1322,Soccer Dog Collection
1323,Solidarity Trilogy
1324,Solomons Perjury
1325,Somm Collection
1326,Sonic the Hedgehog Collection
1327,Sons of Rizk collection
1328,Sotto il vestito niente - Collezione
1329,Soulless
1330,Sound! Euphonium Collection
1331,South of 8 Collection
1332,Space Battleship Yamato 2199 Collection
1333,Space Battleship Yamato Collection
1334,Space Chimps Collection
1335,Space Dogs
1336,Space Jam Collection
1337,Space Pirate Captain Harlock Collection
1338,Spanish Affair Collection
1339,Spicy Beauty Queen of Bangkok Collection
1340,Spider-Man (Avengers) Collection
1341,Spider-Man Collection
1342,Spider-Man: Spider-Verse Collection
1343,Spiders - Collection
1344,Spirit Collection
1345,Spirit Warriors Collection
1346,SpongeBob Collection
1347,Spud Collection
1348,Spy Kids Collection
1349,St. Trinians Collection
1350,Stake Land Collection
1351,Stalked by My Doctor Collection
1352,Stalkers Prey Collection
1353,Stand by Me Doraemon
1354,Star Trek: Alternate Reality Collection
1355,Star Trek: The Next Generation Collection
1356,Star Wars Collection
1357,Stargirl Collection
1358,Stars 80 Collection
1359,Starship Troopers Collection
1360,State Property Collection
1361,Steel Rain Collection
1362,Step Up Collection
1363,Step Up Love Story Collection
1364,Still Collection
1365,Stolen Identity Collection
1366,Stomp the Yard Collection
1367,Stop the Bitch Campaign
1368,Storm Series
1369,Stray Dogz Collection
1370,Street Fighter (Animated) Collection
1371,Street Kings Collection
1372,StreetDance Collection
1373,Strip Mahjong Series
1374,Stuart Little Collection
1375,Sugar Creek Gang Collection
1376,Suicide Club Collection
1377,Suicide Room Collection
1378,Suicide Squad Collection
1379,SuicideGirls Collection
1380,Sukeban Deka Collection
1381,Sul più bello - Collezione
1382,Summer Things
1383,Sunes samtliga Resor
1384,Super Family Collection
1385,Super Furball Collection
1386,Super Sentai Collection
1387,Super Size Me Collection
1388,Super Troopers Collection
1389,Superman Collection
1390,Surfs Up Collection
1391,Surga Yang Tak Dirindukan
1392,Surge Of Power Collection
1393,Surrogate Valentine Collection
1394,Survival of the Dead Collection
1395,Survive Girls
1396,Swamp Zombies Collection
1397,Sweety Collection
1398,Sword Art Online the Movie -Progressive-
1399,Symbiopsychotaxiplasm Collection
1400,"Sí, Mi Amor Colección"
1401,TAMALA Collection
1402,TRON Collection
1403,Taboo Collection
1404,Tadas Do-It-All Collection
1405,Taeter City saga
1406,Tai Chi Collection
1407,Taina Collection
1408,Taiyou no Ko
1409,"Take a Hike, Vasya!"
1410,Taken Collection
1411,Taking the Plunge Collection
1412,Tales From The Dark
1413,Tales from the Crypt Collection
1414,Tall Girl Collection
1415,Tamara Collection
1416,Tamayura: Sotsugyou Shashin
1417,Tanguy - Saga
1418,Tanu Weds Manu Collection
1419,Taxi Collection
1420,Tazza
1421,Team Batista Series
1422,Team Spirit
1423,Ted Collection
1424,Teen Titans Go! Collection
1425,Teenage Mutant Ninja Turtles (Remake) Collection
1426,Tekken Collection
1427,Ten Days Without Mum
1428,Ten Minutes Older... (Collection)
1429,Tengen Toppa Gurren Lagann Collection
1430,Tensión sexual - Colección
1431,Ternet Ninja (Samling)
1432,Terrifier Collection
1433,Tetsuo Collection
1434,Texas Chainsaw (Reboot) Collection
1435,Texas Chainsaw Massacre Collection
1436,Thamizh Padam Collection
1437,The 100-Year Old Man Collection
1438,The ABCs of Death Collection
1439,The Accidental Detective Collection
1440,The Accountant Collection
1441,The Addams Family (Animated) Collection
1442,The Adventures of Mickey Matson Collection
1443,The Adventures of Tad Jones
1444,The Alexandria Trilogy
1445,The Amazing Spider-Man Collection
1446,The Ambiguous Focus Collection
1447,The Amityville Collection
1448,The Angry Birds Collection
1449,The Are We Collection
1450,The Art of War Collection
1451,The Avengers Collection
1452,The Aztec Mummy Collection
1453,The Babysitter Collection
1454,The Bare Wench Project Collection
1455,The Batman Collection
1456,The Battle at Lake Changjin Collection
1457,The Bayani Collection
1458,The Benchwarmers Collection
1459,The Benji Collection
1460,The Best Man Collection
1461,The Best Movie Collection
1462,The Big Trip Collection
1463,The Black Devil and the White Prince
1464,The Black List
1465,The Black Mask Collection
1466,The Black Stallion Collection
1467,The Blackwell Ghost Collection
1468,The Blood of Wolves Collection
1469,The Blue Elephant
1470,The Bodyguard Collection
1471,The Boogeyman Collection
1472,The Boondock Saints Collection
1473,The Boss Baby Collection
1474,The Bourne Collection
1475,The Boxcar Children Collection
1476,The Boy Collection
1477,The Bremen Town Musicians (Collection)
1478,The Brotherhood Collection
1479,The Butterfly Effect Collection
1480,The Car Collection
1481,The Cell Collection
1482,The Charlotte Collection
1483,The Christmas Chronicles Collection
1484,The Christmas Project Collection
1485,The Chronicles of Narnia Collection
1486,The Chronicles of Riddick Collection
1487,The Cinema Snob Movies - Collection
1488,The Collector Collection
1489,The Comedians Of Comedy Collection
1490,The Condemned Collection
1491,The Conjuring Collection
1492,The Conman Collection
1493,The Corporation Collection
1494,The Craft Collection
1495,The Cremaster Cycle
1496,The Crimson Rivers Collection
1497,The Crocodiles Collection
1498,The Croods Collection
1499,The Crossing Collection
1500,The Crow Collection
1501,The Dark Knight Collection
1502,The Dark Side of the Heart Collection
1503,The Dead Collection
1504,The Death of Superman Collection
1505,The Debt Collector Collection
1506,The Descent Collection
1507,The Detective Collection
1508,The Devils Carnival Collection
1509,The Die Beautiful Collection
1510,The Dino King (Collection)
1511,The Disappearance Of Eleanor Rigby Collection
1512,The Divine Move Collection
1513,The Dog Who Saved Christmas Collection
1514,The Doll
1515,The Donald Strachey Collection
1516,The Dukes of Hazzard (Reboot) Collection
1517,The Emperors New Groove Collection
1518,The Encounter Collection
1519,The End of Suburbia Collection
1520,The Equalizer Collection
1521,The Exam
1522,The Exorcist Collection
1523,The Expendables Collection
1524,The Eye Collection
1525,The FP Collection
1526,The Fable Collection
1527,The Falls Collection
1528,The Fast and the Fierce Collection
1529,The Fast and the Furious Collection
1530,The Fear Footage Collection
1531,The First Wave
1532,The Fixies Collection
1533,The Fjällbacka Murders
1534,The Flintstones Collection
1535,The Flirting Scholar Collection
1536,The Fontainhas Collection
1537,The Forbidden Legend: Sex And Chopsticks Collection
1538,The Foreigner Collection
1539,The Four Collection
1540,The Fruit is Ripe Series
1541,The Gallows Collection
1542,The Gamers Collection
1543,The Garden of Sinners Collection
1544,The Gigolo Collection
1545,The Gingerdead Man Collection
1546,The Gingko Bed Collection
1547,The Girl - Millennium Collection
1548,The Glass House Collection
1549,The Gospel of Christ Collection
1550,The Great Yokai War (2005) Collection
1551,The Grudge Collection
1552,The Grump Collection
1553,The Hamiltons Collection
1554,The Hangover Collection
1555,The Hannibal Lecter Collection
1556,The Haunting in Connecticut Collection
1557,The Hills Have Eyes (Reboot) Collection
1558,The Hitmans Bodyguard Collection
1559,The Hobbit Collection
1560,The Holy Man Collection
1561,The Horror Convention Massacre
1562,The Hospital Collection
1563,The Houses October Built Collection
1564,The Human Centipede Collection
1565,The Hunger Games Collection
1566,The Hunters Collection
1567,The Huntsman Collection
1568,The Immortal Wars Collection
1569,The Inbetweeners Collection
1570,The Incredible Monk Collection
1571,The Incredibles Collection
1572,The Intent Collection
1573,The Invisible Boy Collection
1574,The Invoking Collection
1575,The Irony of Fate Collection
1576,The Jennifer Found Footage Collection
1577,The Jungle Book CGI Collection
1578,The Jungle Book Collection
1579,The Killer Eye Collection
1580,The Kissing Booth Collection
1581,The Krays Collection
1582,The Last Exorcism Collection
1583,The Last House on the Left Collection
1584,The Last Warrior (Collection)
1585,The Lego Movie Collection
1586,The Lion King (Reboot) Collection
1587,The Lion Men Series
1588,The Lion Roars Collection
1589,The Little Polar Bear Collection
1590,The Locator
1591,The Locker Collection
1592,The Long Ride Home
1593,The Lord of the Rings Collection
1594,The Lost Skeleton Collection
1595,The Man from Earth Collection
1596,The Man with the Iron Fists Collection
1597,The Marine Collection
1598,The Mark Collection
1599,The Mask Collection
1600,The Matrix Collection
1601,The Maze Runner Collection
1602,The Meg Collection
1603,The Mesrine Collection
1604,The Messengers Collection
1605,The Millennium Collection
1606,The Modesty Blaise Collection
1607,The Mole Song Collection
1608,The Moment After Collection
1609,The Monkey King Collection
1610,The Most Beautiful Day in the World - Collection
1611,The Mothman
1612,The Motivation
1613,The Mummy Collection
1614,The Muppets Collection
1615,The Necro Files Collection
1616,The New Adventures of Aladin Collection
1617,The Night Before Exams - Collection
1618,The Nun Collection
1619,The Nut Job Collection
1620,The Nutty Professor Collection
1621,The Oasis Collection
1622,The Old Guard Collection
1623,The Other Side of Heaven Collection
1624,The Ouija Experiment Collection
1625,The Outlaws Collection
1626,The Pact Collection
1627,The Parasite Doctor Suzune: Genesis x Evolution
1628,The Pasta Detectives Collection
1629,The Paul Dédalus trilogy
1630,The Phantom of the Opera Collection
1631,The Pink Panther (Steve Martin) Collection
1632,The Pirates Collection
1633,The Pooh Collection
1634,The Prince & Me Collection
1635,The Princess Diaries Collection
1636,The Princess Switch Collection
1637,The Princess and the Pea
1638,The Prostitute Trilogy
1639,The Protector Collection
1640,The Punisher Collection
1641,The Purge Collection
1642,The Raid Collection
1643,The Rally Collection
1644,The Redwood Massacre Collection
1645,The Reef Collection
1646,The Repo Collection
1647,The Resistance Saga
1648,The Reunion Collection
1649,The Ring Collection
1650,The Robert Langdon Collection
1651,The Rope Curse
1652,The Santa Clause Collection
1653,The Scorpion King Collection
1654,The Sean Lock Collection
1655,The Secret Garden Collection
1656,The Secret Life of Pets Collection
1657,The Seven Deadly Sins Collection - Saga
1658,The Sex Files
1659,The Shamers Daughter Collection
1660,The Shimajiro Movie Collection
1661,The Shining Collection
1662,The Sisterhood of the Traveling Pants Collection
1663,The Skulls Collection
1664,The Smurfs (Theatrical) Collection
1665,The Souvenir Collection
1666,The Spanish Apartment Trilogy
1667,The Storage Collection
1668,The Storm Riders Collection
1669,The Strangers Collection
1670,The Suicide Manual Collection
1671,The Swan Princess Collection
1672,The Sword and the Sorcerer Collection
1673,The Tag-Along Collection
1674,The Terminator Collection
1675,The ThanksKilling Collection
1676,The Thing Collection
1677,The Thinning Collection
1678,The Three Investigators Collection
1679,The Three Mothers Collection
1680,The Tomorrow War Collection
1681,The Toxic Avenger Collection
1682,The Transporter Collection
1683,The Treasure
1684,The Tribunal Collection
1685,The Trip - Collection
1686,The Trip Collection
1687,The Trolls Collection
1688,The Tuche Family Collection
1689,The Twilight Collection
1690,The Twins Effect Collection
1691,The Ultimate Collection
1692,The Underdog Knight Collection
1693,The Up Collection
1694,The Valdemar Legacy Collector
1695,The Vampire Chronicles Collection
1696,The Vanished Collection
1697,The Visitors Collection
1698,The Wailer Collection
1699,The Wedding Party Collection
1700,The Werewolf Game
1701,The White Storm Collection
1702,The Whole Nine/Ten Yards Collection
1703,The Wild Soccer Bunch Collection
1704,The Witch Collection
1705,The Wixxer Collection
1706,The Wog Boy Collection
1707,The Wolverine Collection
1708,The Woman in Black Collection
1709,The Woman in the Septic Tank Collection
1710,The Work and the Glory Collection
1711,The X Files Collection
1712,The Yes Men Collection
1713,The Yusuf Trilogy
1714,The Zombie Diaries Collection
1715,Theatre Collection
1716,Thermae Romae Collection
1717,Think Like a Man Collection
1718,Thomas & Friends Collection
1719,Thor Collection
1720,Three Heroes Collection
1721,Three Kingdoms Collection
1722,Three Steps Above Heaven Collection
1723,Thumbs! Collection
1724,Thupparivaalan Collection
1725,Tickled Collection
1726,Tiger & Bunny Collection
1727,Tiger Claws Collection
1728,Tiger Collection
1729,Till Luck Do Us Part Collection
1730,Time Is Up (Collezione)
1731,Tinker Bell Collection
1732,Tiny Times Collection
1733,To All the Boys Collection
1734,Tokyo Decadence
1735,Tokyo Ghoul Movie Collection
1736,Tom Sawyer/Huck Finn Filmreihe
1737,Tomb Raider (Reboot) Collection
1738,Tomb Raider Collection
1739,Tomie Collection
1740,Tooth Fairy - Collection
1741,Tooth Fairy Collection
1742,Top Gun Collection
1743,Tora-san Series
1744,Torihada Collection
1745,Toro Loco Collection
1746,Torrente Collection
1747,Tortured For Christ Collection
1748,Towa no Quon
1749,Toy Story Collection
1750,Trabantem...
1751,Trailer Park Boys Collection
1752,Train to Busan Collection
1753,Training Day Collection
1754,Trainspotting Collection
1755,Transformers Collection
1756,Trekkies Collection
1757,Trick Collection
1758,Tricky Old Dogs Collection
1759,Trilogia Zé do Caixão
1760,Trilogy Marseillaise
1761,Trilogy by Marko Doringer
1762,Trois
1763,Troll Collection
1764,Troublesome Night Collection
1765,True North Collection
1766,True to the Game Collection
1767,Tsatsiki Collection
1768,Tulse Luper
1769,Turkish Star Wars
1770,Turn A Gundam Collection
1771,Turnt Collection
1772,Twice the Dream Collection
1773,Twin Dragon Encounter Collection
1774,Twittering Birds Never Fly  Collection
1775,Täällä Pohjantähden alla (Timo Koivusalo)
1776,Tô Ryca! Coleção
1777,USA: Land of Opportunities Collection
1778,Ultraman Cosmos Collection
1779,Ultraman Ginga Collection
1780,Ultraman Tiga Collection
1781,Ultraman Zero Collection
1782,Umizaru Collection
1783,"Un Franco, 14 pesetas - Colección"
1784,Un Monde sans femmes
1785,Unbroken Collection
1786,Under Construction Series
1787,Undercover Brother Collection
1788,Underworld Collection
1789,Undisputed Collection
1790,Unfair - Saga
1791,Unfriended Collection
1792,Universal Soldier Collection
1793,Unseen Evil Collection
1794,Unstable Fables Collection
1795,Untold Stories of Independent India Collection
1796,Urban Legend Collection
1797,Uriyadi Collection
1798,Us Collection
1799,Ushijima the Loan Shark Collection
1800,V/H/S Collection
1801,V8 Collection
1802,Vacancy Collection
1803,Valley of the Wolves Collection
1804,Vampire Boys Collection
1805,Vampire City
1806,Vampire Hunter D Collection
1807,Vampires Collection
1808,Vampires Suck Collection
1809,Van Helsing Collection
1810,Van Veeteren Collection
1811,Vares Collection
1812,Varg Veum Collection
1813,Velaiyilai Pattathari Collection
1814,Venom Collection
1815,Veronica Collection
1816,Verses of Love Collection
1817,Village Collection
1818,Vincke & Verstuyft trilogy
1819,Violent Shit Collection
1820,Virgin Hunters Collection
1821,Virgin People Collection
1822,Vishwaroopam Collection
1823,Viy Collection
1824,Voicemails From Strangers Collection
1825,Vomit Gore Series
1826,WNUF Halloween Collection
1827,Waiting Collection
1828,Walker Series
1829,Walking Tall (Reboot) Collection
1830,Wall Street Collection
1831,Wallander samling (Rolf Lassgård)
1832,Warriors of Virtue Collection
1833,Warriors of the Rainbow: The Seediq Bale Saga
1834,Wave / Quake Collection
1835,We Are From The Future Collection
1836,We Make Antiques! Collection
1837,We Were There Collection
1838,Welcome Collection
1839,Wendy Collection
1840,What a Wonderful Family Collection
1841,What the Bleep! Collection
1842,Whats With This ...?! Collection
1843,Whispering Corridors Collection
1844,White Collar Hooligan Collection
1845,White Noise Collection
1846,White Snake Collection
1847,Who Killed Pamela Rose?
1848,Why Did I Get Married Collection
1849,Wickie Collection
1850,Wiener Dog Nationals Collection
1851,Wild Chicks Collection
1852,Windstorm Collection
1853,Wings Collection
1854,Winx Club Collection
1855,Witch Mountain Collection
1856,Witchcraft Collection
1857,Without a Paddle Collection
1858,Wolf Creek Collection
1859,Wolf Warrior Collection
1860,WolfCop Collection
1861,Women Of Mafia Collection
1862,Wonder Woman Collection
1863,Wong Fei-Hung Collection
1864,World of Watches Collection
1865,Wreck-It Ralph Collection
1866,Wrong Turn Collection
1867,Wyrmwood Collection
1868,X Collection
1869,X-Men Collection
1870,Yakuza Ladies series
1871,Yamakasi - Collection
1872,Yamla Pagla Deewana Collection
1873,Yes Day Collection
1874,Yes or No
1875,Yeti a Love Story Collection
1876,Yo-kai Watch Movie Collection
1877,Yossi Collection
1878,You Got Served Collection
1879,Young And Dangerous Collection
1880,Young Mother Series
1881,Young Sister-In-Law series
1882,Yowis Ben
1883,Yu-Gi-Oh Collection
1884,Yugo & Lala
1885,Zebraman Collection
1886,Zeitgeist Collection
1887,Zero Lithuania Collection
1888,Zero Woman Collection
1889,Zip & Zap - Collection
1890,Zombie Massacre Collection
1891,Zombie World Collection
1892,Zombieland Collection
1893,Zoo Wars Collection
1894,Zoolander Collection
1895,Zoombies Collection
1896,Zorro Collection
1897,Zu Warriors Collection
1898,[REC] Collection
1899,the chasing world
1900,xXx Collection
1901,¿Usted No Sabe Quien Soy Yo? - Colección
1902,Çakallarla Dans [Seri]
1903,Çılgın Dersane
1904,Бабушка лёгкого поведения
1905,Женщины против мужчин (Коллекция)
1906,Корпус за бързо реагиране (поредица)
1907,Майор Гром Коллекция
1908,Неслужебное задание (Коллекция)
1909,Облако-рай (Коллекция)
1910,Свінгери
1911,Счастье – это
1912,ชัตเตอร์ กดติดวิญญาณ
1913,พี่นาค
1914,หลวงพี่แจ๊ส
1915,“疯狂”三部曲（系列）
1916,キッズ・リターン
1917,レイプゾンビシリーズ
1918,共和国三部曲（系列）
1919,刺杀小说家（系列）
1920,劇場版 シドニアの騎士
1921,十二夜系列
1922,啊，荒野（系列）
1923,国产动画电影（合集）
1924,国庆三部曲（系列）
1925,大尾鲈鳗（系列）
1926,学校（系列）
1927,小男人周记（系列）
1928,山村老尸（系列）
1929,开心麻花（系列）
1930,新倚天屠龙记（系列）
1931,爱情呼叫转移 (系列)
1932,狂舞派（系列）
1933,美景之屋（系列）
1934,裸体之夜（系列）
1935,逃狱兄弟（系列）
1936,闺蜜（系列）
1937,青鬼（系列）
1938,달마야 시리즈
1939,독전 시리즈
1940,동갑내기 과외하기 시리즈
1941,반드시 크게 들을 것
1942,식객 시리즈
